City_ID,City,Lat,Lng,Max Temp,Humidity,Cloudiness,Wind Speed,Country,Date
0,iqaluit,63.7506,-68.5145,10.85,87,100,2.06,CA,1723164310
1,nemuro,43.3236,145.575,19.86,95,100,4.22,JP,1723164311
2,kafin hausa,12.2375,9.908,24.95,80,100,4.58,NG,1723164312
3,kingston,17.997,-76.7936,30.53,66,20,7.2,JM,1723164313
4,utrik,11.2278,169.8474,28.22,80,83,7.92,MH,1723164315
5,port elizabeth,-33.918,25.5701,14.5,81,0,3.09,ZA,1723164316
6,itamaraca,-7.7478,-34.8256,26.03,81,36,3.75,BR,1723164317
7,tolanaro,-25.0319,46.9987,20.04,83,20,9.77,MG,1723164115
8,port-aux-francais,-49.35,70.2167,2.44,70,60,7.68,TF,1723164319
9,zhangatas,43.5667,69.75,28.71,22,0,2.66,KZ,1723164320
10,papatowai,-46.5619,169.4708,10.12,63,2,3.28,NZ,1723164322
11,invercargill,-46.4,168.35,8.34,82,1,3.13,NZ,1723164063
12,adamstown,-25.066,-130.1015,22.34,78,100,12.38,PN,1723164324
13,puerto ayora,-0.7393,-90.3518,19.75,90,32,4.02,EC,1723164325
14,yarmouth,41.7057,-70.2286,19.26,95,100,3.6,US,1723164326
15,waitangi,-43.9535,-176.5597,12.68,80,100,4.02,NZ,1723164328
16,lihue,21.9789,-159.3672,28.77,63,40,5.66,US,1723164330
17,bambari,5.768,20.6757,21.05,98,88,1.14,CF,1723164331
18,puerto natales,-51.7236,-72.4875,6.88,84,100,8.79,CL,1723164332
19,blackmans bay,-43.0167,147.3167,13.18,61,100,0.89,AU,1723164333
20,hun,29.1268,15.9477,28.58,41,0,3.16,LY,1723164334
21,belen,36.4891,36.2233,24.08,74,0,6.69,TR,1723164337
22,iiyama,36.85,138.3667,29.91,64,87,2.0,JP,1723164338
23,hawaiian paradise park,19.5933,-154.9731,28.26,70,0,3.6,US,1723164339
24,qaqortoq,60.7167,-46.0333,6.05,96,100,1.15,GL,1723164340
25,lebu,-37.6167,-73.65,7.22,83,80,4.41,CL,1723164341
26,ushuaia,-54.8,-68.3,6.81,70,75,9.77,AR,1723164343
27,vadso,70.0744,29.7487,13.49,81,0,2.57,NO,1723164082
28,anadyr,64.75,177.4833,9.28,70,75,3.0,RU,1723164345
29,turinsk,58.0458,63.696,8.12,87,5,2.28,RU,1723164346
30,albany,42.6001,-73.9662,18.71,83,100,0.89,US,1723163786
31,igarka,67.4667,86.5833,11.22,70,100,5.26,RU,1723164348
32,grytviken,-54.2811,-36.5092,-15.48,76,15,6.55,GS,1723164350
33,bardai,11.65,7.2333,21.16,94,100,4.2,NG,1723164351
34,cartagena,10.3997,-75.5144,28.79,79,75,3.6,CO,1723164128
35,port alfred,-33.5906,26.891,16.92,56,0,7.02,ZA,1723164353
36,roccella ionica,38.322,16.4009,26.07,66,0,3.17,IT,1723164354
37,yellowknife,62.456,-114.3525,24.12,49,20,6.71,CA,1723164238
38,ribeira grande,38.5167,-28.7,22.1,85,0,2.24,PT,1723164356
39,iranshahr,27.2025,60.6848,31.19,62,0,0.0,IR,1723164358
40,bethel,41.3712,-73.414,19.64,90,100,1.54,US,1723164359
41,kiffa,16.6166,-11.4045,33.94,45,100,7.6,MR,1723164360
42,stanley,54.868,-1.6985,17.01,90,40,5.66,GB,1723164361
43,klyuchi,52.2667,79.1667,19.02,83,100,2.31,RU,1723164362
44,rosalie,15.3667,-61.2667,27.07,81,43,5.63,DM,1723164364
45,mugia,43.1041,-9.2179,20.65,91,17,7.18,ES,1723164365
46,ancud,-41.8697,-73.8203,7.69,84,100,2.44,CL,1723164366
47,kodiak,57.79,-152.4072,14.73,63,100,2.06,US,1723164367
48,avarua,-21.2078,-159.775,22.03,56,100,3.09,CK,1723164368
49,palu,-0.8917,119.8707,28.51,77,59,0.96,ID,1723164370
50,maumere,-8.6199,122.2111,27.63,64,15,2.01,ID,1723164371
51,howard springs,-12.497,131.047,27.71,30,1,4.31,AU,1723164372
52,kone,-21.0595,164.8658,27.44,44,10,1.53,NC,1723164373
53,holualoa,19.6228,-155.9522,27.53,80,75,4.63,US,1723164374
54,west island,-12.1568,96.8225,26.99,78,20,8.23,CC,1723164375
55,nizhniy odes,63.6445,54.856,10.21,73,9,1.84,RU,1723164377
56,wailua homesteads,22.0669,-159.378,28.44,69,40,5.66,US,1723164378
57,chonchi,-42.6128,-73.8092,7.29,95,100,0.82,CL,1723164379
58,varnamo,57.186,14.04,11.94,91,100,1.49,SE,1723164380
59,st. john's,47.5649,-52.7093,17.66,74,75,4.63,CA,1723164085
60,vila franca do campo,37.7167,-25.4333,22.23,99,0,1.91,PT,1723164382
61,heihe,50.2441,127.4902,19.32,79,56,3.37,CN,1723164384
62,bredasdorp,-34.5322,20.0403,11.32,83,97,11.1,ZA,1723164385
63,jamestown,42.097,-79.2353,23.64,94,40,3.6,US,1723164386
64,howrah,22.5892,88.3103,28.0,94,75,1.54,IN,1723164387
65,glace bay,46.1969,-59.957,16.55,83,10,0.89,CA,1723164388
66,college,64.8569,-147.8028,20.99,68,100,4.63,US,1723164390
67,laojunmiao,39.8333,97.7333,16.83,47,90,8.61,CN,1723164391
68,kaa-khem,51.6833,94.7333,21.19,48,17,1.06,RU,1723164392
69,conduaga,8.862,117.4893,29.98,64,67,0.4,PH,1723164393
70,bilibino,68.0546,166.4372,13.94,42,20,1.16,RU,1723164394
71,saint-philippe,-21.3585,55.7679,20.77,77,47,4.51,RE,1723164395
72,tiksi,71.6872,128.8694,5.26,90,100,5.86,RU,1723164397
73,ostersund,63.1792,14.6357,13.25,96,100,4.12,SE,1723164398
74,whitehorse,60.7161,-135.0538,28.43,28,20,6.17,CA,1723164399
75,ilulissat,69.2167,-51.1,6.01,93,100,0.0,GL,1723164400
76,codrington,-38.2667,141.9667,12.81,77,100,5.01,AU,1723164401
77,port saint john's,-31.6229,29.5448,17.73,68,0,2.32,ZA,1723164402
78,belle fourche,44.6714,-103.8522,19.07,46,100,3.77,US,1723164404
79,ust-nera,64.5667,143.2,16.73,64,84,2.78,RU,1723164405
80,itapevi,-23.5489,-46.9342,26.2,41,100,0.79,BR,1723164406
81,bamboo flat,11.7,92.7167,26.05,94,40,1.03,IN,1723164407
82,baran',54.4764,30.3181,14.03,88,46,2.06,BY,1723164408
83,penapolis,-21.4197,-50.0775,24.29,43,100,4.84,BR,1723164410
84,port mathurin,-19.6833,63.4167,22.49,73,54,9.54,MU,1723164411
85,sitka,57.0531,-135.33,17.94,77,20,2.06,US,1723164412
86,sur,22.5667,59.5289,27.33,75,91,4.51,OM,1723164413
87,tazovsky,67.4667,78.7,6.89,79,14,5.98,RU,1723164415
88,laurel,39.0993,-76.8483,26.53,96,100,6.17,US,1723164417
89,stiens,53.2623,5.7577,19.43,82,75,5.66,NL,1723164418
90,punta arenas,-53.15,-70.9167,4.06,87,20,3.09,CL,1723164419
91,sorong,-0.8833,131.25,27.35,80,100,4.59,ID,1723164420
92,kununurra,-15.7667,128.7333,25.99,34,6,4.12,AU,1723164149
93,businga,3.3333,20.8833,21.59,97,91,0.74,CD,1723164422
94,kokopo,-4.352,152.2633,29.54,66,42,6.64,PG,1723164424
95,udachny,66.4167,112.4,10.74,81,98,4.92,RU,1723164425
96,edinburgh of the seven seas,-37.0676,-12.3116,14.56,92,100,16.6,SH,1723164426
97,revelstoke,50.9832,-118.2023,29.01,39,100,1.03,CA,1723164427
98,kodinsk,58.6881,99.1844,19.03,79,35,2.34,RU,1723164428
99,kolonia,50.9333,6.95,21.05,67,100,3.47,DE,1723164429
100,mikuni,36.2171,136.1519,28.95,74,58,2.95,JP,1723164431
101,livingstone,-17.8419,25.8543,17.66,31,0,1.39,ZM,1723164432
102,petauke,-14.2426,31.3253,16.28,47,8,2.66,ZM,1723164433
103,izluchinsk,60.9794,76.9242,12.01,68,100,5.16,RU,1723164240
104,brades,16.7918,-62.2106,27.82,77,0,8.71,MS,1723164435
105,isafjordur,66.0755,-23.124,5.69,93,100,3.34,IS,1723164437
106,talakan,50.3167,130.3667,21.09,82,66,1.1,RU,1723164438
107,talnakh,69.4865,88.3972,12.05,60,10,1.36,RU,1723164439
108,concepcion,-36.827,-73.0498,8.89,93,6,1.03,CL,1723164440
109,balqash,46.8481,74.995,24.44,57,100,2.8,KZ,1723164441
110,san patricio,28.017,-97.5169,32.05,60,0,4.88,US,1723164442
111,jinxiang,27.4327,120.6062,29.58,75,78,1.62,CN,1723164444
112,susuman,62.7833,148.1667,15.58,50,0,0.34,RU,1723164445
113,hilo,19.7297,-155.09,28.38,74,0,3.6,US,1723164446
114,caxito,-8.5785,13.6643,18.6,95,59,0.4,AO,1723164447
115,georgetown,5.4112,100.3354,28.96,78,20,2.57,MY,1723164448
116,solnechnyy,50.7214,136.6319,18.64,76,100,2.66,RU,1723164450
117,colonia,50.9333,6.95,21.05,67,100,3.47,DE,1723164429
118,tuni,17.35,82.55,26.51,83,81,2.38,IN,1723164452
119,mejit,10.2753,170.8646,28.3,79,66,7.62,MH,1723164453
120,fale old settlement,-9.3852,-171.2468,28.3,74,100,7.44,TK,1723164454
121,alice springs,-23.7,133.8833,20.75,32,0,2.57,AU,1723164455
122,cabo san lucas,22.8909,-109.9124,33.61,58,0,10.29,MX,1723164033
123,xiva,41.3783,60.3639,24.99,42,0,6.68,UZ,1723164458
124,uturoa,-16.7333,-151.4333,25.66,81,7,4.62,PF,1723164459
125,illizi,26.4833,8.4667,32.89,21,0,2.68,DZ,1723164460
126,sidi khaled,34.387,4.9879,33.16,23,0,2.97,DZ,1723164461
127,olonkinbyen,70.9221,-8.7187,4.81,98,100,3.56,SJ,1723164462
128,thompson,55.7435,-97.8558,19.09,45,75,3.6,CA,1723164464
129,aykol,38.1751,77.2132,24.77,30,0,2.03,CN,1723164465
130,glazunovka,52.4986,36.3275,13.5,96,4,3.15,RU,1723164466
131,shihezi,44.3,86.0333,30.04,21,0,2.49,CN,1723164467
132,uttaradit,17.6667,100.5,26.66,86,11,1.21,TH,1723164468
133,nadym,65.5333,72.5167,9.71,69,100,4.55,RU,1723164469
134,longyearbyen,78.2186,15.6401,10.91,87,0,0.0,SJ,1723164471
135,piti village,13.4626,144.6933,30.39,81,40,3.09,GU,1723164472
136,colon,9.3592,-79.9014,24.97,84,100,0.45,PA,1723164473
137,aykhal,66.0,111.5,10.21,87,99,5.33,RU,1723164474
138,bubaque,11.2833,-15.8333,26.37,84,100,5.88,GW,1723164475
139,margaret river,-33.95,115.0667,16.69,77,45,5.32,AU,1723164477
140,cuyo,10.8525,121.0086,28.82,77,100,4.45,PH,1723164478
141,la cruz,23.9167,-106.9,29.8,77,19,5.02,MX,1723164479
142,nuuk,64.1835,-51.7216,4.34,93,100,2.06,GL,1723164214
143,cidade velha,14.9167,-23.6167,25.87,80,61,2.84,CV,1723164481
144,rabaul,-4.1967,152.1721,29.5,69,11,6.11,PG,1723164482
145,namibe,-15.1961,12.1522,16.1,88,0,2.46,AO,1723164202
146,stephenville,32.2207,-98.2023,36.25,35,0,4.12,US,1723164485
147,carbonear,47.7332,-53.2148,17.91,80,99,2.69,CA,1723164486
148,kinkala,-4.3614,14.7644,19.96,73,10,2.14,CG,1723164487
149,kayangel,8.0823,134.7173,28.56,74,100,4.28,PW,1723164488
150,selfoss,63.9331,-20.9971,10.58,88,100,2.04,IS,1723164489
151,alibag,18.6411,72.8792,27.04,84,100,2.2,IN,1723164491
152,hithadhoo,-0.6,73.0833,27.92,73,100,4.24,MV,1723164492
153,amga,60.8953,131.9608,21.17,48,21,0.86,RU,1723164493
154,rurrenabaque,-14.4413,-67.5278,19.7,97,100,1.69,BO,1723164494
155,khromtau,50.2503,58.4347,14.64,91,48,6.52,KZ,1723164495
156,inderbor,48.55,51.7833,25.98,37,47,2.73,KZ,1723164496
157,qui nhon,13.7667,109.2333,31.41,57,20,2.47,VN,1723164498
158,new norfolk,-42.7826,147.0587,13.84,66,100,2.01,AU,1723164499
159,villa gesell,-37.2639,-56.973,8.85,83,97,11.06,AR,1723164500
160,villa ojo de agua,-29.5,-63.6938,5.21,47,0,3.43,AR,1723164501
161,hailey,43.5196,-114.3153,29.94,20,0,6.71,US,1723164502
162,caucete,-31.6518,-68.2811,6.87,44,0,2.21,AR,1723164503
163,kapuskasing,49.4169,-82.4331,16.05,100,100,4.12,CA,1723164505
164,crane,31.3974,-102.3501,38.05,17,21,6.23,US,1723164506
165,labuan bajo,-8.4964,119.8877,27.13,67,0,0.73,ID,1723164507
166,atafu village,-8.5421,-172.5159,28.92,74,34,8.91,TK,1723164508
167,cockburn town,21.4612,-71.1419,28.13,84,100,7.66,TC,1723164509
168,palmer,42.1584,-72.3287,19.17,82,100,2.06,US,1723164511
169,magadan,59.5667,150.8,14.6,83,48,1.67,RU,1723164512
170,qusmuryn,52.4503,64.6311,13.97,86,100,8.54,KZ,1723164513
171,mana,5.6592,-53.7767,26.15,87,24,5.22,GF,1723164514
172,ta`u,-14.2336,-169.5144,25.31,74,100,10.48,AS,1723164515
173,port blair,11.6667,92.75,26.02,94,40,1.03,IN,1723164518
174,kas,36.2018,29.6377,27.4,65,1,1.08,TR,1723164519
175,biltine,14.5333,20.9167,22.81,90,100,2.95,TD,1723164520
176,remire-montjoly,4.9167,-52.2667,27.02,89,20,1.54,GF,1723164521
177,galesong,-5.3166,119.3661,28.01,61,2,1.15,ID,1723164522
178,hotan,37.0997,79.9269,24.91,30,0,3.35,CN,1723164523
179,puerto baquerizo moreno,-0.9,-89.6,19.67,76,75,5.72,EC,1723164525
180,huancabamba,-5.2386,-79.4506,14.93,89,11,2.33,PE,1723164526
181,mogocha,53.7333,119.7667,21.13,55,100,1.0,RU,1723164527
182,mirriah,13.7073,9.1501,27.29,69,100,5.68,NE,1723164528
183,enewetak,11.3474,162.3373,29.17,74,43,6.46,MH,1723164530
184,dunedin,-45.8742,170.5036,9.06,67,3,2.02,NZ,1723164463
185,hadibu,12.65,54.0333,25.06,80,58,7.69,YE,1723164532
186,amahai,-3.3333,128.9167,26.09,83,50,5.75,ID,1723164533
187,la passe,45.5549,-0.8967,18.88,83,7,3.55,FR,1723164534
188,pemangkat,1.1667,108.9667,26.69,85,100,2.68,ID,1723164535
189,manokwari,-0.8667,134.0833,28.29,69,97,1.39,ID,1723164537
190,pama,11.2497,0.7075,23.57,90,100,2.02,BF,1723164538
191,choma,-16.8065,26.9531,15.79,29,0,1.23,ZM,1723164539
192,ghadamis,30.1337,9.5007,27.83,33,0,4.07,LY,1723164540
193,dudinka,69.4058,86.1778,9.81,64,18,8.15,RU,1723164541
194,goundam,16.4145,-3.6708,29.08,65,100,5.96,ML,1723164543
195,ludington,43.9553,-86.4526,22.34,80,100,4.12,US,1723164544
196,malango,-2.9627,119.9001,22.71,82,40,1.55,ID,1723164545
197,rodolfo sanchez taboada,31.7167,-116.5667,22.28,61,28,1.34,MX,1723164546
198,portland,45.5234,-122.6762,36.08,36,20,5.14,US,1723163939
199,artigas,-30.4,-56.4667,6.33,84,100,6.88,UY,1723164548
200,tughyl,47.7252,84.2063,22.43,47,91,1.09,KZ,1723164550
201,koulamoutou,-1.1303,12.4736,20.58,85,21,0.97,GA,1723164551
202,rio preto da eva,-2.6994,-59.6997,25.84,50,8,1.12,BR,1723164552
203,tsiombe,-25.3,45.4833,18.45,75,0,2.21,MG,1723164553
204,suva,-18.1416,178.4415,26.71,61,75,4.12,FJ,1723164554
205,tura,25.5198,90.2201,24.29,97,100,2.4,IN,1723164555
206,copiapo,-27.3667,-70.3333,12.46,52,0,0.53,CL,1723164557
207,cill airne,52.05,-9.5167,13.1,96,95,2.64,IE,1723164558
208,tutoia,-2.7619,-42.2744,26.27,80,5,5.78,BR,1723164559
209,badger,64.8,-147.5333,20.95,67,75,4.63,US,1723164560
210,toliara,-23.35,43.6667,19.44,85,0,1.67,MG,1723164561
211,san rafael,-34.6177,-68.3301,6.2,52,0,3.8,AR,1723164563
212,minas de marcona,-15.2119,-75.1103,10.21,90,78,6.0,PE,1723164564
213,villa emilio carranza,19.9667,-96.6,28.36,82,10,4.8,MX,1723164565
214,antsiranana,-12.2787,49.2917,22.09,69,6,7.34,MG,1723164566
215,yayladagi,35.9025,36.0627,22.59,91,41,3.32,TR,1723164567
216,arraial do cabo,-22.9661,-42.0278,20.98,100,0,2.06,BR,1723164568
217,siuntio,60.1386,24.2272,19.35,86,100,1.42,FI,1723164570
218,severo-yeniseyskiy,60.3725,93.0408,16.4,71,38,0.57,RU,1723164571
219,nairn,57.5809,-3.8797,13.98,96,40,1.54,GB,1723164572
220,nar'yan-mar,67.6713,53.087,6.76,80,19,2.3,RU,1723164573
221,san antonio de pale,-1.4014,5.6325,22.91,83,100,3.66,GQ,1723164574
222,forster,-32.1667,152.5167,19.05,64,100,2.06,AU,1723164576
223,cajamarca,-7.1638,-78.5003,12.5,85,39,0.95,PE,1723164577
224,vernon,50.2581,-119.2691,32.74,25,16,1.79,CA,1723164578
225,verkhnevilyuysk,63.4453,120.3167,22.28,45,0,1.31,RU,1723164579
226,vorgashor,67.5833,63.95,8.22,75,7,1.41,RU,1723164580
227,xinyu,27.8043,114.9334,32.84,54,7,2.17,CN,1723164581
228,chiredzi,-21.05,31.6667,14.67,72,0,0.95,ZW,1723164583
229,sretensk,52.2453,117.7093,23.87,44,6,0.95,RU,1723164584
230,salalah,17.0151,54.0924,24.05,100,100,4.12,OM,1723164585
231,santiago de cao,-7.9589,-79.2392,17.07,88,12,3.09,PE,1723164586
232,flin flon,54.7682,-101.865,20.62,39,60,1.96,CA,1723164587
233,hamilton,39.1834,-84.5333,27.65,72,100,1.34,US,1723164589
234,comodoro rivadavia,-45.8667,-67.5,10.92,58,0,7.72,AR,1723164590
235,zaragoza,41.6561,-0.8773,25.45,59,0,6.69,ES,1723164592
236,lalibela,12.0333,39.0333,13.42,93,5,0.38,ET,1723164593
237,anzhero-sudzhensk,56.081,86.0285,14.78,94,81,2.0,RU,1723164594
238,vilyuchinsk,52.9306,158.4028,15.15,98,100,2.03,RU,1723164596
239,leer,53.2316,7.461,19.97,80,100,5.85,DE,1723164597
240,mountain home,43.133,-115.6912,33.9,15,0,3.13,US,1723164598
241,hasaki,35.7333,140.8333,31.27,80,0,6.54,JP,1723164599
242,west kelowna,49.8625,-119.5833,32.16,23,0,5.66,CA,1723164600
243,bathurst,-33.4166,149.5806,12.76,75,86,0.45,AU,1723164602
244,lautoka,-17.6167,177.4667,27.92,51,75,4.63,FJ,1723164603
245,ust'-kulom,61.6864,53.6902,8.53,89,7,1.35,RU,1723164604
246,daulatpur,26.5015,67.9706,32.35,64,74,1.2,PK,1723164605
247,walvis bay,-22.9575,14.5053,10.05,67,0,5.64,NA,1723164606
248,meadow lake,34.8014,-106.5436,31.55,31,87,8.15,US,1723164608
249,babayevo,59.3936,35.9371,12.8,94,100,1.76,RU,1723164609
250,conde,-7.2597,-34.9075,22.7,100,75,2.06,BR,1723164610
251,bangui,4.3612,18.555,25.1,94,100,2.06,CF,1723164611
252,masjed soleyman,31.9364,49.3039,36.26,12,2,1.95,IR,1723164612
253,praia da vitoria,38.7333,-27.0667,23.14,88,0,1.15,PT,1723164613
254,prince albert,53.2001,-105.7677,18.97,48,75,1.54,CA,1723164615
255,motueka,-41.1333,173.0167,14.5,62,9,0.15,NZ,1723164616
256,happy valley-goose bay,53.3168,-60.3315,15.17,67,75,2.57,CA,1723164617
257,port lincoln,-34.7333,135.8667,14.08,70,98,3.52,AU,1723164618
258,mandera,3.9366,41.867,25.6,54,100,7.33,KE,1723164619
259,hermanus,-34.4187,19.2345,13.78,80,18,14.0,ZA,1723164621
260,alamosa,37.4695,-105.87,21.99,40,40,6.17,US,1723164622
261,okhotsk,59.3833,143.3,19.23,62,7,2.49,RU,1723164623
262,farah,32.5,62.5,29.17,10,0,2.77,AF,1723164624
263,galveston,29.3669,-94.9669,33.91,68,0,4.12,US,1723164625
264,vanino,49.0869,140.2543,16.53,88,100,1.27,RU,1723164626
265,banda aceh,5.5577,95.3222,27.51,78,99,1.24,ID,1723164628
266,iskateley,67.6803,53.1512,6.81,80,19,2.27,RU,1723164629
267,vanimo,-2.6741,141.3028,29.53,70,22,2.55,PG,1723164630
268,mehar,27.1807,67.8229,32.95,62,79,2.68,PK,1723164632
269,dashiqiao,40.6373,122.5025,28.2,80,100,0.38,CN,1723164634
270,barcelos,41.5388,-8.6151,18.16,87,0,0.33,PT,1723164635
271,ceeldheer,3.8488,47.1806,24.39,80,100,8.2,SO,1723164636
272,lospalos,-8.5186,127.0025,24.87,61,22,5.75,TL,1723164637
273,tommot,58.9564,126.2925,20.36,54,0,2.56,RU,1723164638
274,nykarleby,63.5228,22.5307,14.45,94,100,2.05,FI,1723164639
275,aktau,43.65,51.2,23.32,77,0,4.87,KZ,1723164641
276,port said,31.2565,32.2841,27.99,78,0,2.06,EG,1723164642
277,geraldton,-28.7667,114.6,12.23,94,0,3.6,AU,1723164645
278,skovorodino,53.9833,123.9167,18.79,75,99,0.97,RU,1723164647
279,malpe,13.35,74.7167,23.61,93,95,2.07,IN,1723164649
280,micheweni,-4.9667,39.8333,23.54,78,30,3.55,TZ,1723164650
281,otra banda,18.6502,-68.6628,28.36,85,6,3.99,DO,1723164651
282,weno,7.4515,151.8468,28.97,89,100,3.09,FM,1723164652
283,box elder,41.5005,-112.8764,27.55,29,100,2.67,US,1723164654
284,miches,18.9836,-69.0476,26.68,88,3,3.59,DO,1723164655
285,suances,43.4334,-4.0434,21.17,100,100,0.0,ES,1723164656
286,petropavlovsk-kamchatsky,53.0452,158.6483,14.33,100,100,4.0,RU,1723164657
287,ribeira brava,32.65,-17.0667,23.35,75,6,1.07,PT,1723164658
288,changzhou,31.7833,119.9667,33.17,58,20,2.09,CN,1723164660
289,guerrero negro,27.9769,-114.0611,24.3,60,0,7.12,MX,1723164661
290,columbia falls,48.3725,-114.1815,23.08,39,99,3.27,US,1723164662
291,afaahiti,-17.75,-149.2833,26.93,88,51,6.59,PF,1723164663
292,chibougamau,49.9168,-74.3659,18.79,63,100,2.57,CA,1723164664
293,kedrovyy,56.1667,91.8167,17.23,95,79,1.65,RU,1723164666
294,bloomington,44.8408,-93.2983,18.51,66,75,7.72,US,1723164667
295,coahuayana de hidalgo,18.7,-103.6583,28.7,83,64,1.19,MX,1723164668
296,ormond-by-the-sea,29.3491,-81.0665,28.05,81,75,2.06,US,1723164669
297,monrovia,6.3005,-10.7969,24.87,83,100,4.98,LR,1723164670
298,huarmey,-10.0681,-78.1522,17.02,84,100,4.55,PE,1723164671
299,kupang,-10.1667,123.5833,30.32,62,20,4.12,ID,1723164673
300,dengzhou,37.8086,120.7508,27.15,78,100,2.83,CN,1723164674
301,barra de santo antonio,-9.4047,-35.5072,22.6,73,100,3.3,BR,1723164675
302,pankrushikha,53.8319,80.3406,14.56,91,100,2.43,RU,1723164676
303,sogndal,61.2283,7.1003,12.21,93,75,0.0,NO,1723164678
304,northam,51.0333,-4.2167,18.55,98,100,8.63,GB,1723164680
305,fort st. john,56.2499,-120.8529,24.94,38,20,6.17,CA,1723164681
306,cabedelo,-6.9811,-34.8339,23.37,84,17,5.72,BR,1723164682
307,polyarnyy,69.1989,33.4478,11.47,63,10,5.33,RU,1723164683
308,labuan,5.2767,115.2417,28.2,89,20,0.51,MY,1723164684
309,abdurahmoni jomi,37.9464,68.8088,22.16,64,0,1.0,TJ,1723164685
310,leeton,-34.5667,146.4,17.27,50,90,1.06,AU,1723164687
311,vila velha,-20.3297,-40.2925,23.3,79,40,5.14,BR,1723164688
312,bouca,6.5105,18.2733,21.55,95,100,1.23,CF,1723164689
313,lima,-12.0432,-77.0282,15.5,82,100,3.6,PE,1723164422
314,tofol,5.3248,163.0078,28.4,75,19,4.18,FM,1723164691
315,liperi,62.5333,29.3667,11.26,82,0,1.54,FI,1723164692
316,yei,4.095,30.6779,18.27,95,5,0.78,SS,1723164694
317,atherton,53.5237,-2.4935,18.45,94,100,1.34,GB,1723164695
318,mahibadhoo,3.7833,72.9667,27.68,76,100,3.07,MV,1723164696
319,south boston,42.3334,-71.0495,18.56,91,100,4.12,US,1723164697
320,taoudenni,22.6783,-3.9836,39.15,20,100,2.81,ML,1723164698
321,pasuquin,18.3328,120.6177,27.97,89,75,5.66,PH,1723164700
322,jertih,5.7336,102.4897,26.88,89,69,1.61,MY,1723164701
323,margate,51.3813,1.3862,19.39,84,100,1.34,GB,1723164702
324,prince rupert,54.3161,-130.3201,18.83,87,0,6.17,CA,1723164603
325,sinabang,2.4803,96.3801,25.65,86,100,1.44,ID,1723164704
326,pauini,-7.7136,-66.9764,28.13,51,95,0.79,BR,1723164705
327,coquimbo,-29.9533,-71.3436,12.85,59,0,3.09,CL,1723164707
328,tazacorte,28.629,-17.9293,22.54,91,0,6.69,ES,1723164708
329,flying fish cove,-10.4217,105.6791,25.82,83,100,7.2,CX,1723164709
330,carnarvon,-24.8667,113.6333,18.76,46,0,5.8,AU,1723164713
331,santa isabel,-23.3156,-46.2214,23.84,43,82,1.3,BR,1723164714
332,arkalyk,50.2486,66.9114,20.16,76,89,4.25,KZ,1723164715
333,kerikeri,-35.2268,173.9474,16.06,75,72,1.34,NZ,1723164716
334,saldanha,-33.0117,17.9442,14.03,79,27,9.7,ZA,1723164717
335,haiku-pauwela,20.9219,-156.3051,28.01,67,40,12.35,US,1723164719
336,burang,30.25,81.1667,10.63,76,100,1.15,CN,1723164720
337,al ghayzah,16.2079,52.176,24.06,94,46,3.21,YE,1723164721
338,kpandu,6.9954,0.2931,23.48,81,100,3.58,GH,1723164722
339,usinsk,65.9939,57.5281,9.75,75,67,3.5,RU,1723164723
340,vytegra,61.0064,36.4481,11.93,93,25,0.61,RU,1723164724
341,waingapu,-9.6567,120.2641,27.67,62,0,7.44,ID,1723164726
342,cadale,2.7603,46.3222,24.65,84,80,7.47,SO,1723164727
343,nagarote,12.2659,-86.5647,25.82,95,100,0.55,NI,1723164728
344,constantia,44.1833,28.65,19.38,76,0,2.21,RO,1723164729
345,pacasmayo,-7.4006,-79.5714,17.04,82,6,6.04,PE,1723164730
346,keflavik,64.0049,-22.5624,10.95,93,100,2.57,IS,1723164732
347,nenjiang,49.1833,125.2167,23.39,62,0,2.69,CN,1723164733
348,yinchuan,38.4681,106.2731,23.21,54,2,5.96,CN,1723164734
349,gadzhiyevo,69.2551,33.3362,11.59,62,10,5.02,RU,1723164735
350,mount gambier,-37.8333,140.7667,11.9,87,100,2.82,AU,1723164736
351,basco,20.4487,121.9702,29.01,81,100,10.8,PH,1723164738
352,archangelos,36.2149,28.1149,25.99,74,0,1.74,GR,1723164739
353,farafangana,-22.8167,47.8333,21.01,86,93,3.54,MG,1723164740
354,ebon,4.582,168.6964,28.61,73,25,3.72,MH,1723164741
355,xilin hot,43.9667,116.0333,24.4,55,100,5.41,CN,1723164742
356,conselheiro lafaiete,-20.6603,-43.7861,15.79,53,0,1.09,BR,1723164743
357,saudarkrokur,65.7461,-19.6394,6.34,94,100,0.95,IS,1723164745
358,horta,38.5333,-28.6333,21.68,86,0,2.24,PT,1723164746
359,abalak,58.1286,68.5944,11.06,71,100,2.5,RU,1723164747
360,boa viagem,-5.1275,-39.7322,22.74,49,3,1.59,BR,1723164748
361,aasiaat,68.7098,-52.8699,2.73,94,77,2.54,GL,1723164749
362,port-vila,-17.7338,168.3219,25.78,65,75,6.69,VU,1723164751
363,swift current,50.2834,-107.8014,20.45,30,20,1.54,CA,1723164752
364,porto belo,-27.1578,-48.5531,19.42,96,100,4.01,BR,1723164753
365,urangan,-25.3,152.9,19.52,74,14,5.63,AU,1723164754
366,khadan khak,30.7477,67.7085,24.72,64,0,2.41,PK,1723164755
367,korla,41.7597,86.1469,22.8,44,0,2.49,CN,1723164758
368,gaza,31.5,34.4667,25.74,75,0,0.81,PS,1723164759
369,antalaha,-14.9003,50.2788,19.59,78,63,2.94,MG,1723164760
370,mogadishu,2.0371,45.3438,24.29,85,32,5.67,SO,1723164761
371,gisborne,-38.6533,178.0042,11.68,78,100,1.95,NZ,1723164762
372,slavyanka,42.8633,131.3847,26.04,69,100,0.65,RU,1723164764
373,lorengau,-2.0226,147.2712,29.91,69,19,4.17,PG,1723164765
374,puerto gaitan,4.3133,-72.0816,25.45,79,100,0.52,CO,1723164766
375,lata,40.1629,-8.3327,13.9,95,12,0.45,PT,1723164767
376,mirnyy,62.5353,113.9611,23.14,47,14,2.08,RU,1723164768
377,marshall,34.3834,-86.3333,30.01,76,0,3.6,US,1723164769
378,morristown,36.214,-83.2949,25.61,81,100,1.59,US,1723164771
379,sittwe,20.15,92.9,26.23,86,100,3.35,MM,1723164772
380,cova figueira,14.8905,-24.2934,20.36,83,22,2.25,CV,1723164773
381,wolmaransstad,-27.1974,25.9831,10.91,31,0,4.16,ZA,1723164774
382,amuntai,-2.4177,115.2494,26.44,87,68,0.16,ID,1723164775
383,unye,11.4502,13.962,23.19,92,100,5.96,NG,1723164777
384,pavlohrad,48.5167,35.8667,17.82,61,82,1.98,UA,1723164778
385,kavieng,-2.5744,150.7967,28.31,78,7,4.97,PG,1723164780
386,marathon,44.9,-89.7668,19.74,56,20,8.23,US,1723164781
387,miles city,46.4083,-105.8406,21.54,35,20,3.09,US,1723164783
388,oriximina,-1.7656,-55.8661,28.31,49,2,0.93,BR,1723164784
389,batroun,34.2553,35.6581,25.9,85,0,2.72,LB,1723164785
390,massawa,15.6097,39.45,31.86,62,22,2.62,ER,1723164786
391,sokoni,-6.4333,39.55,24.62,75,9,4.68,TZ,1723164787
392,al fallujah,33.3538,43.7795,32.94,16,0,5.02,IQ,1723164788
393,kharp,66.8014,65.8081,9.82,76,6,0.81,RU,1723164790
394,nova xavantina,-14.6667,-52.35,23.12,36,5,0.93,BR,1723164791
395,cidreira,-30.1811,-50.2056,11.61,93,100,2.6,BR,1723164792
396,beauzelle,43.6671,1.3752,23.06,60,0,1.54,FR,1723164793
397,carrigaline,51.8117,-8.3986,14.23,94,40,3.09,IE,1723164794
398,ola,59.5833,151.2833,15.34,76,57,1.61,RU,1723164796
399,bani walid,31.7566,13.9942,24.81,84,0,2.74,LY,1723164797
400,monkey bay,-14.0728,34.9201,22.34,54,5,0.82,MW,1723164798
401,zhob,31.3411,69.4481,26.36,70,2,1.32,PK,1723164799
402,mount pearl,47.5166,-52.7813,17.19,75,75,4.63,CA,1723164662
403,farsala,39.2947,22.3847,23.58,58,0,0.87,GR,1723164801
404,wotje,9.4543,170.2367,28.28,78,16,5.73,MH,1723164803
405,kristiansund,63.1115,7.732,14.03,93,75,2.06,NO,1723164804
406,brookings,44.3114,-96.7984,16.19,69,100,5.66,US,1723164805
407,itanhem,-17.1664,-40.33,21.13,74,83,1.71,BR,1723164806
408,grimstad,58.3405,8.5934,16.95,84,100,5.51,NO,1723164807
409,san isidro de curuguaty,-24.5167,-55.7,14.14,49,100,3.74,PY,1723164808
410,jesus maria,-30.9815,-64.0942,6.39,50,0,1.94,AR,1723164811
411,katabu,-4.9333,122.5167,28.47,56,85,3.75,ID,1723164812
412,sisimiut,66.9395,-53.6735,4.74,92,90,1.53,GL,1723164813
413,boguchany,58.3814,97.4531,18.61,83,38,1.74,RU,1723164814
414,anloga,5.7947,0.8973,23.6,87,100,5.78,GH,1723164815
415,dhidhdhoo,6.8833,73.1,28.08,76,100,5.25,MV,1723164818
416,harper,4.375,-7.7169,23.49,83,100,3.66,LR,1723164819
417,penonome,8.5167,-80.3667,27.22,71,100,2.24,PA,1723164820
418,ikongo,-21.8833,47.4333,16.32,98,33,0.83,MG,1723164821
419,hammerfest,70.6634,23.6821,20.25,56,9,4.12,NO,1723164823
420,zakynthos,37.7914,20.8953,26.47,74,0,1.47,GR,1723164824
421,nieuw amsterdam,5.8833,-55.0833,26.09,94,20,0.0,SR,1723164825
422,thunder bay,48.4001,-89.3168,17.99,52,75,4.63,CA,1723164826
423,ankazoabo,-22.2833,44.5167,16.58,66,0,1.53,MG,1723164827
424,saipan,15.1355,145.701,31.39,70,40,2.57,MP,1723164829
425,olinda,-8.0089,-34.8553,25.85,73,75,5.14,BR,1723164685
426,sao vicente,-23.9631,-46.3919,31.1,86,82,2.04,BR,1723164831
427,sidi slimane,34.2648,-5.926,21.74,83,0,1.25,MA,1723164832
428,rossosh',51.1209,38.5116,14.74,97,15,3.45,RU,1723164833
429,mareeba,-17.0,145.4333,23.47,70,28,3.69,AU,1723164836
430,dryden,49.7833,-92.7503,12.16,94,100,3.6,CA,1723164837
431,laguna,38.421,-121.4238,38.29,27,0,4.12,US,1723164838
432,nova sintra,14.8667,-24.7167,26.1,79,8,2.67,CV,1723164839
433,praya,14.9215,-23.5087,25.58,81,74,3.27,CV,1723164840
434,semey,50.4111,80.2275,20.12,94,75,2.0,KZ,1723164841
435,caleta de carquin,-11.0925,-77.6267,17.02,82,39,3.58,PE,1723164843
436,belyy yar,53.6039,91.3903,17.94,94,0,0.0,RU,1723164844
437,papao,-17.75,-149.55,27.82,89,46,5.71,PF,1723164845
438,nykobing sjaelland,55.9249,11.6711,16.08,75,100,5.15,DK,1723164846
439,al jawf,29.5,38.75,26.04,25,0,3.81,SA,1723164847
440,nikolayevsk-on-amure,53.1406,140.73,17.22,74,100,0.63,RU,1723164849
441,lazaro cardenas,17.9583,-102.2,29.1,83,29,1.64,MX,1723164850
442,nembro,45.7463,9.7629,23.28,81,0,2.06,IT,1723164851
443,shingu,33.7333,135.9833,31.62,56,0,1.86,JP,1723164852
444,oranjemund,-28.55,16.4333,14.26,68,4,9.01,NA,1723164853
445,timimoun,29.2639,0.231,34.21,13,0,3.6,DZ,1723164854
446,mahanoro,-19.9,48.8,18.27,89,21,1.52,MG,1723164856
447,taltal,-25.4,-70.4833,14.52,69,0,1.71,CL,1723164857
448,opuwo,-18.0607,13.84,16.58,31,3,1.19,NA,1723164858
449,la ronge,55.1001,-105.2842,22.14,30,75,2.57,CA,1723164859
450,villa regina,-39.1,-67.0667,6.66,30,67,1.79,AR,1723164860
451,paita,-5.0892,-81.1144,18.0,82,1,7.71,PE,1723164862
452,mount isa,-20.7333,139.5,23.87,35,0,3.09,AU,1723164863
453,rondonopolis,-16.4708,-54.6356,24.95,57,72,4.96,BR,1723164864
454,ljusdal,61.8288,16.0913,11.73,96,100,1.34,SE,1723164865
455,boumahra ahmed,36.4583,7.5139,22.72,36,0,1.37,DZ,1723164866
456,freetown,8.484,-13.2299,25.84,83,40,4.63,SL,1723164867
457,kanniyakumari,8.0833,77.5667,25.29,83,58,7.1,IN,1723164869
458,veradale,47.6499,-117.2074,31.31,31,5,2.24,US,1723164870
459,carlsbad,33.1581,-117.3506,29.54,72,0,4.12,US,1723164761
460,obo,5.3998,26.4869,20.41,95,100,1.5,CF,1723164872
461,harstad,68.799,16.5293,20.66,73,81,3.15,NO,1723164875
462,yeppoon,-23.1333,150.7333,24.03,73,4,5.86,AU,1723164876
463,el calafate,-50.3408,-72.2768,3.61,82,6,3.76,AR,1723164877
464,poso,-1.3959,120.7524,28.96,59,50,2.79,ID,1723164878
465,rovnoye,50.7765,46.0509,18.13,74,60,1.74,RU,1723164879
466,fayroz koh,34.5195,65.2509,12.1,27,0,0.52,AF,1723164880
467,bodo,67.28,14.405,16.02,93,75,5.66,NO,1723164882
468,trinidad,-14.8333,-64.9,17.35,86,72,3.54,BO,1723164883
469,boende,-0.2167,20.8667,23.6,84,100,1.4,CD,1723164884
470,lamu,-2.2717,40.902,23.79,76,70,5.94,KE,1723164885
471,santarem,-2.4431,-54.7083,30.07,74,0,4.63,BR,1723164886
472,chipinge,-20.1883,32.6236,12.83,59,0,1.45,ZW,1723164888
473,gwadar,25.1216,62.3254,27.89,83,100,2.14,PK,1723164889
474,salavan,15.7167,106.4167,26.81,83,21,1.38,LA,1723164890
475,candelaria,13.9311,121.4233,30.03,66,42,2.09,PH,1723164891
476,isoka,-10.1606,32.6335,12.08,58,72,0.36,ZM,1723164892
477,east london,-33.0153,27.9116,16.22,73,0,3.14,ZA,1723164893
478,twin falls,42.3505,-114.6445,29.94,23,0,2.57,US,1723164896
479,mil'kovo,55.6078,37.7956,17.57,77,100,2.48,RU,1723164897
480,pergamino,-33.89,-60.5736,5.86,80,100,7.06,AR,1723164898
481,murzuq,25.9155,13.9184,32.06,15,8,3.41,LY,1723164899
482,mumford,5.2618,-0.759,22.96,90,100,4.08,GH,1723164900
483,itoman,26.1247,127.6694,32.27,74,20,2.57,JP,1723164903
484,christchurch,-43.5333,172.6333,9.39,90,100,5.66,NZ,1723164837
485,el burgo de osma,41.5862,-3.0652,22.23,58,0,3.19,ES,1723164905
486,quillacollo,-17.4,-66.2833,17.04,42,0,2.57,BO,1723164907
487,ciudad satelite,19.5167,-99.25,24.28,47,100,3.96,MX,1723164683
488,morondava,-20.2833,44.2833,20.21,93,14,2.03,MG,1723164910
489,kili,5.6439,169.1211,28.48,74,12,4.55,MH,1723164911
490,general zuazua,25.9,-100.1167,35.93,28,85,4.77,MX,1723164912
491,lompoc,34.6391,-120.4579,22.14,78,0,5.14,US,1723164726
492,orotina,9.912,-84.5234,26.06,96,100,0.42,CR,1723164914
493,salinopolis,-0.6136,-47.3561,27.02,80,5,5.3,BR,1723164916
494,princeville,45.7668,-61.2985,17.09,85,0,1.54,CA,1723164917
495,nieves,15.3274,120.9485,27.73,78,41,1.11,PH,1723164918
496,carutapera,-1.195,-46.02,26.12,80,14,3.85,BR,1723164919
497,kincardine,56.0667,-3.7167,16.22,92,100,7.03,GB,1723164920
498,gravata,-8.2011,-35.5647,18.14,96,9,2.28,BR,1723164921
499,suong,11.9115,105.6533,28.67,78,10,3.27,KH,1723164923
500,fortuna,40.5982,-124.1573,14.99,93,40,6.69,US,1723164924
501,amursk,50.2261,136.8994,20.52,64,30,6.66,RU,1723164925
502,broken hill,-31.95,141.4333,16.07,42,3,1.46,AU,1723164927
503,vieste,41.8825,16.175,25.51,75,0,4.4,IT,1723164929
504,alaghsas,17.0187,8.0168,30.49,50,100,6.18,NE,1723164930
505,bridgewater,44.3835,-64.5155,17.82,72,89,1.03,CA,1723164931
506,tanjung selor,2.8372,117.3642,25.21,96,100,1.05,ID,1723164932
507,benghazi,32.1167,20.0667,27.3,73,0,5.51,LY,1723164933
508,ambovombe,-25.1667,46.0833,18.64,81,0,2.45,MG,1723164935
509,targuist,34.9377,-4.3186,20.43,57,1,0.62,MA,1723164936
510,mangrol,21.1167,70.1167,27.49,85,100,6.37,IN,1723164937
511,dalgopol,43.05,27.35,18.21,91,0,0.75,BG,1723164938
512,atasu,48.6814,71.6433,24.61,46,100,6.29,KZ,1723164939
513,greenville,35.6127,-77.3663,27.3,95,100,6.17,US,1723164940
514,namdrik,5.5994,168.1028,28.7,73,12,4.43,MH,1723164942
515,camiri,-20.05,-63.5167,13.3,30,100,3.31,BO,1723164943
516,willemstad,12.1084,-68.9335,28.95,78,20,5.66,CW,1723164944
517,kirensk,57.7853,108.1119,21.09,61,19,1.86,RU,1723164945
518,windhoek,-22.5594,17.0832,9.5,29,0,0.45,NA,1723164946
519,kiknur,57.3034,47.2011,15.5,98,100,3.46,RU,1723164948
520,suwayr,30.1171,40.3893,26.52,16,0,3.93,SA,1723164949
521,takoradi,4.8845,-1.7554,22.78,91,86,4.04,GH,1723164950
522,phan rang-thap cham,11.5667,108.9833,30.44,65,24,1.49,VN,1723164951
523,alamo,20.9167,-97.6833,26.41,91,100,3.2,MX,1723164952
524,agat village,13.3886,144.6585,30.42,81,40,3.09,GU,1723164953
525,vuokatti,64.146,28.2697,10.92,81,2,1.75,FI,1723164955
526,qarqaraly,49.4058,75.4742,20.96,56,21,2.28,KZ,1723164956
527,mount pleasant,32.7941,-79.8626,25.99,95,100,2.57,US,1723164957
528,kadiri,14.1167,78.1667,23.27,88,100,4.05,IN,1723164958
529,akrehamn,59.2667,5.1833,15.79,88,100,5.66,NO,1723164959
530,inhambane,-23.865,35.3833,19.65,92,0,4.22,MZ,1723164961
531,patnanungan,14.7833,122.1833,29.19,75,100,8.45,PH,1723164962
532,douz,33.4663,9.0203,27.67,46,0,4.81,TN,1723164963
533,camocim,-2.9022,-40.8411,25.19,79,0,6.93,BR,1723164964
534,tamiahua,21.2667,-97.45,28.05,84,85,3.8,MX,1723164965
535,plastun,44.7561,136.2939,25.45,66,3,2.87,RU,1723164966
536,hovd,48.0056,91.6419,21.46,35,21,2.28,MN,1723164968
537,boca suno,-0.7167,-77.1333,24.63,74,24,0.4,EC,1723164969
538,karungdong,5.8844,121.263,27.53,80,100,3.34,PH,1723164971
539,revda,56.801,59.9303,6.53,94,0,1.04,RU,1723164972
540,hanceville,34.0607,-86.7675,28.64,72,18,4.55,US,1723164975
541,morteros,-30.7116,-61.9986,4.45,51,0,3.13,AR,1723164976
542,jiagedaqi,50.4167,124.1167,23.34,53,10,2.17,CN,1723164977
543,adrar,20.5022,-10.0711,36.27,9,3,4.69,MR,1723164978
544,santa ana,33.7456,-117.8678,31.19,56,20,4.63,US,1723164979
545,ma'an,26.9775,110.7211,29.46,65,1,1.8,CN,1723164981
546,vegreville,53.5001,-112.0518,22.39,41,8,2.57,CA,1723164982
547,sudak,44.85,34.9667,22.02,58,0,1.97,UA,1723164983
548,valle hermoso,25.6667,-97.8333,31.92,61,0,6.95,MX,1723164984
549,necochea,-38.5473,-58.7368,5.66,79,10,4.16,AR,1723164985
550,north bend,43.4065,-124.2243,18.29,82,100,4.63,US,1723164987
551,tralee,52.2704,-9.7026,14.13,93,97,4.65,IE,1723164988
552,qingyuan,23.7,113.0333,31.99,74,23,1.64,CN,1723164989
553,karlskrona,56.1616,15.5866,11.25,84,100,1.87,SE,1723164990
554,fayetteville,35.0527,-78.8784,25.49,93,100,6.69,US,1723164991
555,mili,6.0815,171.735,28.02,70,12,3.0,MH,1723164994
556,luderitz,-26.6481,15.1594,13.05,71,0,2.72,NA,1723164995
557,westport,41.1415,-73.3579,20.61,94,100,8.23,US,1723164811
558,serafimovich,49.5786,42.736,15.9,67,0,2.91,RU,1723164997
559,tweed heads,-28.1817,153.547,23.45,66,0,4.57,AU,1723164853
560,gijang,35.2442,129.2139,28.85,69,0,2.83,KR,1723164999
561,manismata,-2.4667,111.0333,25.73,90,44,2.44,ID,1723165001
562,caluula,11.9661,50.7569,29.83,75,94,1.23,SO,1723165002
563,leava,-14.3,-178.1667,26.03,65,71,8.79,WF,1723165003
564,trail,49.0998,-117.7022,29.07,30,88,1.83,CA,1723165004
565,baiquan,47.5833,126.0833,25.61,52,99,3.11,CN,1723165005
566,mbuji-mayi,-6.15,23.6,23.01,23,100,1.34,CD,1723165006
567,escarcega,18.6089,-90.7454,24.43,95,100,2.53,MX,1723165008
568,barbacoas,1.6715,-78.1398,24.1,96,100,1.02,CO,1723165009
569,orange walk,17.8333,-88.8333,26.87,82,100,2.52,BZ,1723165010
